<?xml version="1.0" encoding="UTF-8"?>
<Request
    xmlns="urn:oasis:names:tc:xacml:2.0:context:schema:os"
    xmlns:isti="http://www.isti.cnr.it/taxi"
    xmlns:xacml="urn:oasis:names:tc:xacml:2.0:policy:schema:os"
    xmlns:xacml-context="urn:oasis:names:tc:xacml:2.0:context:schema:os"
    xmlns:xs="http://www.w3.org/2001/XMLSchema">
    
    <xacml-context:Subject SubjectCategory="">
        <xacml-context:Attribute AttributeId="" DataType="" Issuer="">
            <xacml-context:AttributeValue> </xacml-context:AttributeValue>
        </xacml-context:Attribute>
    </xacml-context:Subject>
    <xacml-context:Resource>
        <Attribute AttributeId="" DataType="" Issuer="">
            <xacml-context:AttributeValue> </xacml-context:AttributeValue>
        </Attribute>
    </xacml-context:Resource>
    <Action>
        <xacml-context:Attribute AttributeId="" DataType="" Issuer="">
            <xacml-context:AttributeValue> </xacml-context:AttributeValue>
        </xacml-context:Attribute>
        <xacml-context:Attribute AttributeId="" DataType="" Issuer="">
            <xacml-context:AttributeValue> </xacml-context:AttributeValue>
        </xacml-context:Attribute>
        <xacml-context:Attribute AttributeId="" DataType="" Issuer="">
            <xacml-context:AttributeValue> </xacml-context:AttributeValue>
        </xacml-context:Attribute>
    </Action>
    <Environment/>
</Request>